<application>
  <component name="DiffManager">
    <enableFiles value="true" />
    <enableMerge value="true" />
    <mergeToolParameters value="%1 %2 %3 %4" />
  </component>
  <component name="ExternalDiffSettings">
    <option name="DIFF_ENABLED" value="true" />
    <option name="DIFF_DEFAULT" value="true" />
    <option name="DIFF_EXE_PATH" value="" />
    <option name="DIFF_PARAMETERS" value="%1 %2 %3" />
    <option name="MERGE_ENABLED" value="true" />
    <option name="MERGE_EXE_PATH" value="" />
    <option name="MERGE_PARAMETERS" value="%1 %2 %3 %4" />
  </component>
  <component name="TextDiffSettings">
    <option name="SHARED_SETTINGS">
      <SharedSettings>
        <option name="CONTEXT_RANGE" value="8" />
        <option name="MERGE_AUTO_APPLY_NON_CONFLICTED_CHANGES" value="true" />
      </SharedSettings>
    </option>
  </component>
</application>