<application>
  <component name="CodeFoldingSettings">
    <option name="COLLAPSE_METHODS" value="true" />
    <option name="COLLAPSE_DOC_COMMENTS" value="true" />
    <option name="COLLAPSE_CUSTOM_FOLDING_REGIONS" value="true" />
  </component>
  <component name="CodeInsightSettings">
    <option name="selectAutopopupSuggestionsByChars" value="true" />
    <option name="SHOW_INFERRED_ANNOTATIONS_INLINE" value="true" />
    <option name="SHOW_PARAMETER_NAME_HINTS_ON_COMPLETION" value="true" />
    <option name="AUTO_POPUP_JAVADOC_INFO" value="true" />
    <option name="SELECT_AUTOPOPUP_SUGGESTIONS_BY_CHARS" value="true" />
    <option name="SHOW_FULL_SIGNATURES_IN_PARAMETER_INFO" value="true" />
    <option name="SURROUND_SELECTION_ON_QUOTE_TYPED" value="true" />
    <option name="HIGHLIGHT_SCOPE" value="true" />
    <option name="ADD_UNAMBIGIOUS_IMPORTS_ON_THE_FLY" value="true" />
    <option name="TAB_EXITS_BRACKETS_AND_QUOTES" value="true" />
  </component>
  <component name="DaemonCodeAnalyzerSettings">
    <option name="SHOW_METHOD_SEPARATORS" value="true" />
  </component>
  <component name="JavaCodeFoldingSettings">
    <option name="collapseAccessors" value="true" />
    <option name="collapseAnnotations" value="true" />
    <option name="collapseAnonymousClasses" value="true" />
    <option name="collapseEndOfLineComments" value="true" />
    <option name="collapseInnerClasses" value="true" />
    <option name="collapseMultilineComments" value="true" />
  </component>
  <component name="MarkdownFoldingSettings">
    <option name="COLLAPSE_VERBATIM_BLOCKS" value="true" />
    <option name="COLLAPSE_CODE_FENCE_BLOCKS" value="true" />
    <option name="COLLAPSE_REFERENCES" value="true" />
    <option name="COLLAPSE_EXPLICIT_LINKS" value="true" />
    <option name="COLLAPSE_MULTILINE_URL_IMAGES" value="true" />
    <option name="COLLAPSE_JEKYLL_FRONT_MATTER" value="true" />
    <option name="COLLAPSE_LIST_ITEMS" value="true" />
    <option name="COMMENTS" value="true" />
  </component>
  <component name="OCCodeFoldingSettings">
    <option name="collapseBlockExpressions" value="true" />
    <option name="collapseMultilineComments" value="true" />
    <option name="COLLAPSE_MULTILINE_COMMENTS" value="true" />
    <option name="COLLAPSE_BLOCK_EXPRESSIONS" value="true" />
  </component>
  <component name="XmlFoldingSettings">
    <option name="COLLAPSE_XML_TAGS" value="true" />
  </component>
</application>