<application>
  <component name="KeyPromoterXStatistic">
    <option name="statistics">
      <Statistic Action="ADB Device Wifi">
        <Item>
          <IdeaActionID>ADB</IdeaActionID>
          <ShortCut>'Ctrl+Alt+C'</ShortCut>
          <Description>ADB Device Wifi</Description>
          <Count>8</Count>
        </Item>
      </Statistic>
      <Statistic Action="ADB Operations Popup...">
        <Item>
          <IdeaActionID>com.developerphil.adbidea.action.AdbIdeaQuickList</IdeaActionID>
          <ShortCut>'Ctrl+Alt+Shift+A'</ShortCut>
          <Description>ADB Operations Popup...</Description>
          <Count>2</Count>
        </Item>
      </Statistic>
      <Statistic Action="ADB Restart">
        <Item>
          <IdeaActionID>com.layernet.adbwifi.AdbRestartAction</IdeaActionID>
          <ShortCut>'Ctrl+Alt+Shift+R'</ShortCut>
          <Description>ADB Restart</Description>
          <Count>6</Count>
        </Item>
      </Statistic>
      <Statistic Action="ADB USB to WIFI">
        <Item>
          <IdeaActionID>com.layernet.adbwifi.AdbWifiAction</IdeaActionID>
          <ShortCut>'Ctrl+Alt+Shift+W'</ShortCut>
          <Description>ADB USB to WIFI</Description>
          <Count>24</Count>
        </Item>
      </Statistic>
      <Statistic Action="Add">
        <Item>
          <IdeaActionID>Git.Add</IdeaActionID>
          <ShortCut>'Ctrl+Alt+A'</ShortCut>
          <Description>Add</Description>
          <Count>2</Count>
        </Item>
      </Statistic>
      <Statistic Action="Attach to Process...">
        <Item>
          <IdeaActionID>XDebugger.AttachToProcess</IdeaActionID>
          <ShortCut>'Ctrl+Alt+F5'</ShortCut>
          <Description>Attach to Process...</Description>
          <Count>1</Count>
        </Item>
      </Statistic>
      <Statistic Action="Auto-Indent Lines">
        <Item>
          <IdeaActionID>AutoIndentLines</IdeaActionID>
          <ShortCut>'Ctrl+Alt+I'</ShortCut>
          <Description>Auto-Indent Lines</Description>
          <Count>1</Count>
        </Item>
      </Statistic>
      <Statistic Action="Back">
        <Item>
          <IdeaActionID>Back</IdeaActionID>
          <ShortCut>'Ctrl+Alt+Left'</ShortCut>
          <Description>Back</Description>
          <Count>4</Count>
        </Item>
      </Statistic>
      <Statistic Action="Branches...">
        <Item>
          <IdeaActionID>Git.Branches</IdeaActionID>
          <ShortCut>'Ctrl+Shift+`'</ShortCut>
          <Description>Branches...</Description>
          <Count>5</Count>
        </Item>
      </Statistic>
      <Statistic Action="Build">
        <Item>
          <IdeaActionID>ActivateBuildToolWindow</IdeaActionID>
          <ShortCut>'Alt+2'</ShortCut>
          <Description>Build</Description>
          <Count>22</Count>
        </Item>
      </Statistic>
      <Statistic Action="Change Signature...">
        <Item>
          <IdeaActionID>ChangeSignature</IdeaActionID>
          <ShortCut>'Ctrl+F6'</ShortCut>
          <Description>Change Signature...</Description>
          <Count>1</Count>
        </Item>
      </Statistic>
      <Statistic Action="Clean Project">
        <Item>
          <IdeaActionID>CleanGradleProject</IdeaActionID>
          <ShortCut>'Alt+C'</ShortCut>
          <Description>Clean Project</Description>
          <Count>11</Count>
        </Item>
      </Statistic>
      <Statistic Action="Collapse">
        <Item>
          <IdeaActionID>CollapseRegion</IdeaActionID>
          <ShortCut>'Shift+`'</ShortCut>
          <Description>Collapse</Description>
          <Count>1</Count>
        </Item>
      </Statistic>
      <Statistic Action="Collapse All">
        <Item>
          <IdeaActionID>CollapseAllRegions</IdeaActionID>
          <ShortCut>'Ctrl+Shift+NumPad -' or 'Ctrl+Shift+Minus'</ShortCut>
          <Description>Collapse All</Description>
          <Count>1</Count>
        </Item>
      </Statistic>
      <Statistic Action="Commit...">
        <Item>
          <IdeaActionID>CheckinProject</IdeaActionID>
          <ShortCut>'Ctrl+K'</ShortCut>
          <Description>Commit...</Description>
          <Count>26</Count>
        </Item>
      </Statistic>
      <Statistic Action="Configure Current File Analysis...">
        <Item>
          <IdeaActionID>PopupHector</IdeaActionID>
          <ShortCut>'Ctrl+Alt+Shift+H'</ShortCut>
          <Description>Configure Current File Analysis...</Description>
          <Count>1</Count>
        </Item>
      </Statistic>
      <Statistic Action="Context Info">
        <Item>
          <IdeaActionID>EditorContextInfo</IdeaActionID>
          <ShortCut>'Alt+Q'</ShortCut>
          <Description>Context Info</Description>
          <Count>1</Count>
        </Item>
      </Statistic>
      <Statistic Action="Convert Java File to Kotlin File">
        <Item>
          <IdeaActionID>ConvertJavaToKotlin</IdeaActionID>
          <ShortCut>'Ctrl+Alt+Shift+K'</ShortCut>
          <Description>Convert Java File to Kotlin File</Description>
          <Count>5</Count>
        </Item>
      </Statistic>
      <Statistic Action="Copy">
        <Item>
          <IdeaActionID>$Copy</IdeaActionID>
          <ShortCut>'Ctrl+C' or 'Ctrl+Insert'</ShortCut>
          <Description>Copy</Description>
          <Count>6</Count>
        </Item>
      </Statistic>
      <Statistic Action="Copy Path">
        <Item>
          <IdeaActionID>CopyPaths</IdeaActionID>
          <ShortCut>'Ctrl+Shift+C'</ShortCut>
          <Description>Copy Path</Description>
          <Count>1</Count>
        </Item>
      </Statistic>
      <Statistic Action="Copy Reference">
        <Item>
          <IdeaActionID>CopyReference</IdeaActionID>
          <ShortCut>'Ctrl+Alt+Shift+C'</ShortCut>
          <Description>Copy Reference</Description>
          <Count>2</Count>
        </Item>
      </Statistic>
      <Statistic Action="Debug">
        <Item>
          <IdeaActionID>ActivateDebugToolWindow</IdeaActionID>
          <ShortCut>'Alt+5'</ShortCut>
          <Description>Debug</Description>
          <Count>44</Count>
        </Item>
      </Statistic>
      <Statistic Action="Debug 'Main2Activity'">
        <Item>
          <IdeaActionID>Debug</IdeaActionID>
          <ShortCut>'Shift+F9'</ShortCut>
          <Description>Debug 'Main2Activity'</Description>
          <Count>1</Count>
        </Item>
      </Statistic>
      <Statistic Action="Debug 'MainActivity'">
        <Item>
          <IdeaActionID>Debug</IdeaActionID>
          <ShortCut>'Shift+F9'</ShortCut>
          <Description>Debug 'MainActivity'</Description>
          <Count>1</Count>
        </Item>
      </Statistic>
      <Statistic Action="Debug 'app'">
        <Item>
          <IdeaActionID>Debug</IdeaActionID>
          <ShortCut>'Shift+F9'</ShortCut>
          <Description>Debug 'app'</Description>
          <Count>29</Count>
        </Item>
      </Statistic>
      <Statistic Action="Debug...">
        <Item>
          <IdeaActionID>ChooseDebugConfiguration</IdeaActionID>
          <ShortCut>'Alt+Shift+F9'</ShortCut>
          <Description>Debug...</Description>
          <Count>4</Count>
        </Item>
      </Statistic>
      <Statistic Action="Declaration">
        <Item>
          <IdeaActionID>GotoDeclaration</IdeaActionID>
          <ShortCut>'Ctrl+B'</ShortCut>
          <Description>Declaration</Description>
          <Count>25</Count>
        </Item>
      </Statistic>
      <Statistic Action="Delete...">
        <Item>
          <IdeaActionID>$Delete</IdeaActionID>
          <ShortCut>'Delete'</ShortCut>
          <Description>Delete...</Description>
          <Count>4</Count>
        </Item>
      </Statistic>
      <Statistic Action="Descriptions of Actions">
        <Item>
          <IdeaActionID>presentationAssistant.ShowActionDescriptions</IdeaActionID>
          <ShortCut>'Alt+Shift+D'</ShortCut>
          <Description>Descriptions of Actions</Description>
          <Count>2</Count>
        </Item>
      </Statistic>
      <Statistic Action="Desktop Directory">
        <Item>
          <IdeaActionID>FileChooser.GotoDesktop</IdeaActionID>
          <ShortCut>'Ctrl+D'</ShortCut>
          <Description>Desktop Directory</Description>
          <Count>1</Count>
        </Item>
      </Statistic>
      <Statistic Action="Directory Path">
        <Item>
          <IdeaActionID>ShowFilePath</IdeaActionID>
          <ShortCut>'Ctrl+Alt+F12'</ShortCut>
          <Description>Directory Path</Description>
          <Count>1</Count>
        </Item>
      </Statistic>
      <Statistic Action="Evaluate Expression...">
        <Item>
          <IdeaActionID>EvaluateExpression</IdeaActionID>
          <ShortCut>'Alt+F8'</ShortCut>
          <Description>Evaluate Expression...</Description>
          <Count>7</Count>
        </Item>
      </Statistic>
      <Statistic Action="Expand">
        <Item>
          <IdeaActionID>ExpandRegion</IdeaActionID>
          <ShortCut>'Ctrl+`'</ShortCut>
          <Description>Expand</Description>
          <Count>1</Count>
        </Item>
      </Statistic>
      <Statistic Action="Expand All">
        <Item>
          <IdeaActionID>ExpandAllRegions</IdeaActionID>
          <ShortCut>'Ctrl+Shift+NumPad +' or 'Ctrl+Shift+='</ShortCut>
          <Description>Expand All</Description>
          <Count>6</Count>
        </Item>
      </Statistic>
      <Statistic Action="Expand Recursively">
        <Item>
          <IdeaActionID>ExpandRegionRecursively</IdeaActionID>
          <ShortCut>'Ctrl+Alt+NumPad +' or 'Ctrl+Alt+='</ShortCut>
          <Description>Expand Recursively</Description>
          <Count>1</Count>
        </Item>
      </Statistic>
      <Statistic Action="Expression Type">
        <Item>
          <IdeaActionID>ExpressionTypeInfo</IdeaActionID>
          <ShortCut>'Ctrl+Shift+P'</ShortCut>
          <Description>Expression Type</Description>
          <Count>1</Count>
        </Item>
      </Statistic>
      <Statistic Action="Extend Selection">
        <Item>
          <IdeaActionID>EditorSelectWord</IdeaActionID>
          <ShortCut>'Ctrl+W'</ShortCut>
          <Description>Extend Selection</Description>
          <Count>1</Count>
        </Item>
      </Statistic>
      <Statistic Action="Favorites">
        <Item>
          <IdeaActionID>ActivateFavoritesToolWindow</IdeaActionID>
          <ShortCut>'Alt+2'</ShortCut>
          <Description>Favorites</Description>
          <Count>2</Count>
        </Item>
      </Statistic>
      <Statistic Action="File Path">
        <Item>
          <IdeaActionID>ShowFilePath</IdeaActionID>
          <ShortCut>'Ctrl+Alt+F12'</ShortCut>
          <Description>File Path</Description>
          <Count>1</Count>
        </Item>
      </Statistic>
      <Statistic Action="File Structure">
        <Item>
          <IdeaActionID>FileStructurePopup</IdeaActionID>
          <ShortCut>'Ctrl+F12'</ShortCut>
          <Description>File Structure</Description>
          <Count>3</Count>
        </Item>
      </Statistic>
      <Statistic Action="Find Sample Code">
        <Item>
          <IdeaActionID>Cluestick.SearchMenu</IdeaActionID>
          <ShortCut>'Alt+F8'</ShortCut>
          <Description>Find Sample Code</Description>
          <Count>2</Count>
        </Item>
      </Statistic>
      <Statistic Action="Find Usages">
        <Item>
          <IdeaActionID>FindUsages</IdeaActionID>
          <ShortCut>'Alt+F7'</ShortCut>
          <Description>Find Usages</Description>
          <Count>1</Count>
        </Item>
      </Statistic>
      <Statistic Action="Fold Selection / Remove region">
        <Item>
          <IdeaActionID>CollapseSelection</IdeaActionID>
          <ShortCut>'Ctrl+.'</ShortCut>
          <Description>Fold Selection / Remove region</Description>
          <Count>1</Count>
        </Item>
      </Statistic>
      <Statistic Action="Force Run to Cursor">
        <Item>
          <IdeaActionID>ForceRunToCursor</IdeaActionID>
          <ShortCut>'Ctrl+Alt+F9'</ShortCut>
          <Description>Force Run to Cursor</Description>
          <Count>4</Count>
        </Item>
      </Statistic>
      <Statistic Action="Force Step Into">
        <Item>
          <IdeaActionID>ForceStepInto</IdeaActionID>
          <ShortCut>'Alt+Shift+F7'</ShortCut>
          <Description>Force Step Into</Description>
          <Count>5</Count>
        </Item>
      </Statistic>
      <Statistic Action="Force Step Over">
        <Item>
          <IdeaActionID>ForceStepOver</IdeaActionID>
          <ShortCut>'Alt+Shift+F8'</ShortCut>
          <Description>Force Step Over</Description>
          <Count>2</Count>
        </Item>
      </Statistic>
      <Statistic Action="Generate...">
        <Item>
          <IdeaActionID>Generate</IdeaActionID>
          <ShortCut>'Alt+Insert'</ShortCut>
          <Description>Generate...</Description>
          <Count>1</Count>
        </Item>
      </Statistic>
      <Statistic Action="Gradle">
        <Item>
          <IdeaActionID>ActivateGradleToolWindow</IdeaActionID>
          <ShortCut>'Alt+4'</ShortCut>
          <Description>Gradle</Description>
          <Count>15</Count>
        </Item>
      </Statistic>
      <Statistic Action="Hide All Windows">
        <Item>
          <IdeaActionID>HideAllWindows</IdeaActionID>
          <ShortCut>'Ctrl+Shift+F12'</ShortCut>
          <Description>Hide All Windows</Description>
          <Count>1</Count>
        </Item>
      </Statistic>
      <Statistic Action="Implementation(s)">
        <Item>
          <IdeaActionID>GotoImplementation</IdeaActionID>
          <ShortCut>'Ctrl+Alt+B'</ShortCut>
          <Description>Implementation(s)</Description>
          <Count>2</Count>
        </Item>
      </Statistic>
      <Statistic Action="Jump To Source">
        <Item>
          <IdeaActionID>XDebugger.JumpToSource</IdeaActionID>
          <ShortCut>'F4'</ShortCut>
          <Description>Jump To Source</Description>
          <Count>1</Count>
        </Item>
      </Statistic>
      <Statistic Action="Jump To Type Source">
        <Item>
          <IdeaActionID>XDebugger.JumpToTypeSource</IdeaActionID>
          <ShortCut>'Shift+F4'</ShortCut>
          <Description>Jump To Type Source</Description>
          <Count>1</Count>
        </Item>
      </Statistic>
      <Statistic Action="Jump to External Editor">
        <Item>
          <IdeaActionID>Images.EditExternally</IdeaActionID>
          <ShortCut>'Ctrl+Alt+F4'</ShortCut>
          <Description>Jump to External Editor</Description>
          <Count>2</Count>
        </Item>
      </Statistic>
      <Statistic Action="Jump to Last Tool Window">
        <Item>
          <IdeaActionID>JumpToLastWindow</IdeaActionID>
          <ShortCut>'F12'</ShortCut>
          <Description>Jump to Last Tool Window</Description>
          <Count>1</Count>
        </Item>
      </Statistic>
      <Statistic Action="Jump to Navigation Bar">
        <Item>
          <IdeaActionID>ShowNavBar</IdeaActionID>
          <ShortCut>'Alt+Home'</ShortCut>
          <Description>Jump to Navigation Bar</Description>
          <Count>1</Count>
        </Item>
      </Statistic>
      <Statistic Action="Jump to Source">
        <Item>
          <IdeaActionID>EditSource</IdeaActionID>
          <ShortCut>'F4'</ShortCut>
          <Description>Jump to Source</Description>
          <Count>4</Count>
        </Item>
      </Statistic>
      <Statistic Action="Logcat">
        <Item>
          <IdeaActionID>ActivateLogcatToolWindow</IdeaActionID>
          <ShortCut>'Alt+3'</ShortCut>
          <Description>Logcat</Description>
          <Count>60</Count>
        </Item>
      </Statistic>
      <Statistic Action="Make Module 'SUN'">
        <Item>
          <IdeaActionID>MakeModule</IdeaActionID>
          <ShortCut>'Ctrl+Shift+F9'</ShortCut>
          <Description>Make Module 'SUN'</Description>
          <Count>7</Count>
        </Item>
      </Statistic>
      <Statistic Action="Make Project">
        <Item>
          <IdeaActionID>MakeGradleProject</IdeaActionID>
          <ShortCut>'Shift+B'</ShortCut>
          <Description>Make Project</Description>
          <Count>17</Count>
        </Item>
      </Statistic>
      <Statistic Action="Move Watch Down">
        <Item>
          <IdeaActionID>XDebugger.MoveWatchDown</IdeaActionID>
          <ShortCut>'Alt+Down'</ShortCut>
          <Description>Move Watch Down</Description>
          <Count>1</Count>
        </Item>
      </Statistic>
      <Statistic Action="Move...">
        <Item>
          <IdeaActionID>Move</IdeaActionID>
          <ShortCut>'F6'</ShortCut>
          <Description>Move...</Description>
          <Count>1</Count>
        </Item>
      </Statistic>
      <Statistic Action="New Watch...">
        <Item>
          <IdeaActionID>XDebugger.NewWatch</IdeaActionID>
          <ShortCut>'Insert'</ShortCut>
          <Description>New Watch...</Description>
          <Count>7</Count>
        </Item>
      </Statistic>
      <Statistic Action="Open Module Settings">
        <Item>
          <IdeaActionID>OpenModuleSettings</IdeaActionID>
          <ShortCut>'F4'</ShortCut>
          <Description>Open Module Settings</Description>
          <Count>2</Count>
        </Item>
      </Statistic>
      <Statistic Action="Optimize Imports">
        <Item>
          <IdeaActionID>OptimizeImports</IdeaActionID>
          <ShortCut>'Ctrl+Alt+O'</ShortCut>
          <Description>Optimize Imports</Description>
          <Count>3</Count>
        </Item>
      </Statistic>
      <Statistic Action="Override Methods...">
        <Item>
          <IdeaActionID>OverrideMethods</IdeaActionID>
          <ShortCut>'Ctrl+O'</ShortCut>
          <Description>Override Methods...</Description>
          <Count>1</Count>
        </Item>
      </Statistic>
      <Statistic Action="Paste">
        <Item>
          <IdeaActionID>$Paste</IdeaActionID>
          <ShortCut>'Ctrl+V' or 'Shift+Insert'</ShortCut>
          <Description>Paste</Description>
          <Count>7</Count>
        </Item>
      </Statistic>
      <Statistic Action="Project">
        <Item>
          <IdeaActionID>ActivateProjectToolWindow</IdeaActionID>
          <ShortCut>'Alt+1'</ShortCut>
          <Description>Project</Description>
          <Count>32</Count>
        </Item>
      </Statistic>
      <Statistic Action="Push...">
        <Item>
          <IdeaActionID>Vcs.Push</IdeaActionID>
          <ShortCut>'Ctrl+Shift+K'</ShortCut>
          <Description>Push...</Description>
          <Count>12</Count>
        </Item>
      </Statistic>
      <Statistic Action="Quick Definition">
        <Item>
          <IdeaActionID>QuickImplementations</IdeaActionID>
          <ShortCut>'Ctrl+Shift+I'</ShortCut>
          <Description>Quick Definition</Description>
          <Count>1</Count>
        </Item>
      </Statistic>
      <Statistic Action="Quick Evaluate Expression">
        <Item>
          <IdeaActionID>QuickEvaluateExpression</IdeaActionID>
          <ShortCut>'Ctrl+Alt+F8'</ShortCut>
          <Description>Quick Evaluate Expression</Description>
          <Count>1</Count>
        </Item>
      </Statistic>
      <Statistic Action="Rebuild Project">
        <Item>
          <IdeaActionID>RebuildGradleProject</IdeaActionID>
          <ShortCut>'Alt+B'</ShortCut>
          <Description>Rebuild Project</Description>
          <Count>13</Count>
        </Item>
      </Statistic>
      <Statistic Action="Redo">
        <Item>
          <IdeaActionID>$Redo</IdeaActionID>
          <ShortCut>'Ctrl+Shift+Z' or 'Alt+Shift+Backspace'</ShortCut>
          <Description>Redo</Description>
          <Count>1</Count>
        </Item>
      </Statistic>
      <Statistic Action="Refactor This...">
        <Item>
          <IdeaActionID>Refactorings.QuickListPopupAction</IdeaActionID>
          <ShortCut>'Ctrl+Alt+Shift+T'</ShortCut>
          <Description>Refactor This...</Description>
          <Count>1</Count>
        </Item>
      </Statistic>
      <Statistic Action="Refresh">
        <Item>
          <IdeaActionID>Vcs.Log.Refresh</IdeaActionID>
          <ShortCut>'Ctrl+F5'</ShortCut>
          <Description>Refresh</Description>
          <Count>2</Count>
        </Item>
      </Statistic>
      <Statistic Action="Related Symbol...">
        <Item>
          <IdeaActionID>GotoRelated</IdeaActionID>
          <ShortCut>'Ctrl+Alt+Home'</ShortCut>
          <Description>Related Symbol...</Description>
          <Count>1</Count>
        </Item>
      </Statistic>
      <Statistic Action="Rename...">
        <Item>
          <IdeaActionID>RenameElement</IdeaActionID>
          <ShortCut>'Shift+F6'</ShortCut>
          <Description>Rename...</Description>
          <Count>3</Count>
        </Item>
      </Statistic>
      <Statistic Action="Resource Manager">
        <Item>
          <IdeaActionID>ActivateResourcesExplorerToolWindow</IdeaActionID>
          <ShortCut>'Ctrl+Alt+Shift+R'</ShortCut>
          <Description>Resource Manager</Description>
          <Count>1</Count>
        </Item>
      </Statistic>
      <Statistic Action="Resume Program">
        <Item>
          <IdeaActionID>Resume</IdeaActionID>
          <ShortCut>'F9'</ShortCut>
          <Description>Resume Program</Description>
          <Count>1</Count>
        </Item>
      </Statistic>
      <Statistic Action="Run">
        <Item>
          <IdeaActionID>ActivateRunToolWindow</IdeaActionID>
          <ShortCut>'Alt+4'</ShortCut>
          <Description>Run</Description>
          <Count>87</Count>
        </Item>
      </Statistic>
      <Statistic Action="Run 'Java Development'">
        <Item>
          <IdeaActionID>RunClass</IdeaActionID>
          <ShortCut>'Ctrl+Shift+F10'</ShortCut>
          <Description>Run 'Java Development'</Description>
          <Count>1</Count>
        </Item>
      </Statistic>
      <Statistic Action="Run 'MainActivity'">
        <Item>
          <IdeaActionID>RunClass</IdeaActionID>
          <ShortCut>'Ctrl+Shift+F10'</ShortCut>
          <Description>Run 'MainActivity'</Description>
          <Count>17</Count>
        </Item>
      </Statistic>
      <Statistic Action="Run 'app'">
        <Item>
          <IdeaActionID>Run</IdeaActionID>
          <ShortCut>'Alt+Shift+R'</ShortCut>
          <Description>Run 'app'</Description>
          <Count>104</Count>
        </Item>
      </Statistic>
      <Statistic Action="Run 'kotlin-mvvm-master'">
        <Item>
          <IdeaActionID>RunClass</IdeaActionID>
          <ShortCut>'Ctrl+Shift+F10'</ShortCut>
          <Description>Run 'kotlin-mvvm-master'</Description>
          <Count>2</Count>
        </Item>
      </Statistic>
      <Statistic Action="Run to Cursor">
        <Item>
          <IdeaActionID>RunToCursor</IdeaActionID>
          <ShortCut>'Alt+F9'</ShortCut>
          <Description>Run to Cursor</Description>
          <Count>6</Count>
        </Item>
      </Statistic>
      <Statistic Action="Run...">
        <Item>
          <IdeaActionID>ChooseRunConfiguration</IdeaActionID>
          <ShortCut>'Alt+Shift+F10'</ShortCut>
          <Description>Run...</Description>
          <Count>1</Count>
        </Item>
      </Statistic>
      <Statistic Action="Save All">
        <Item>
          <IdeaActionID>SaveAll</IdeaActionID>
          <ShortCut>'Ctrl+S'</ShortCut>
          <Description>Save All</Description>
          <Count>2</Count>
        </Item>
      </Statistic>
      <Statistic Action="Scratch File">
        <Item>
          <IdeaActionID>NewScratchFile</IdeaActionID>
          <ShortCut>'Ctrl+Alt+Shift+Insert'</ShortCut>
          <Description>Scratch File</Description>
          <Count>1</Count>
        </Item>
      </Statistic>
      <Statistic Action="Select All">
        <Item>
          <IdeaActionID>$SelectAll</IdeaActionID>
          <ShortCut>'Ctrl+A'</ShortCut>
          <Description>Select All</Description>
          <Count>1</Count>
        </Item>
      </Statistic>
      <Statistic Action="Select In...">
        <Item>
          <IdeaActionID>SelectIn</IdeaActionID>
          <ShortCut>'Alt+F1'</ShortCut>
          <Description>Select In...</Description>
          <Count>3</Count>
        </Item>
      </Statistic>
      <Statistic Action="Settings...">
        <Item>
          <IdeaActionID>ShowSettings</IdeaActionID>
          <ShortCut>'Ctrl+Alt+S'</ShortCut>
          <Description>Settings...</Description>
          <Count>39</Count>
        </Item>
      </Statistic>
      <Statistic Action="Show Coverage Data...">
        <Item>
          <IdeaActionID>SwitchCoverage</IdeaActionID>
          <ShortCut>'Ctrl+Alt+F6'</ShortCut>
          <Description>Show Coverage Data...</Description>
          <Count>1</Count>
        </Item>
      </Statistic>
      <Statistic Action="Smart Step Into">
        <Item>
          <IdeaActionID>SmartStepInto</IdeaActionID>
          <ShortCut>'Shift+F7'</ShortCut>
          <Description>Smart Step Into</Description>
          <Count>3</Count>
        </Item>
      </Statistic>
      <Statistic Action="Step Into">
        <Item>
          <IdeaActionID>StepInto</IdeaActionID>
          <ShortCut>'F7'</ShortCut>
          <Description>Step Into</Description>
          <Count>28</Count>
        </Item>
      </Statistic>
      <Statistic Action="Step Out">
        <Item>
          <IdeaActionID>StepOut</IdeaActionID>
          <ShortCut>'Shift+F8'</ShortCut>
          <Description>Step Out</Description>
          <Count>3</Count>
        </Item>
      </Statistic>
      <Statistic Action="Step Over">
        <Item>
          <IdeaActionID>StepOver</IdeaActionID>
          <ShortCut>'F8'</ShortCut>
          <Description>Step Over</Description>
          <Count>21</Count>
        </Item>
      </Statistic>
      <Statistic Action="Stop 'MainActivity'">
        <Item>
          <IdeaActionID>Stop</IdeaActionID>
          <ShortCut>'Ctrl+F2'</ShortCut>
          <Description>Stop 'MainActivity'</Description>
          <Count>2</Count>
        </Item>
      </Statistic>
      <Statistic Action="Stop 'app'">
        <Item>
          <IdeaActionID>Stop</IdeaActionID>
          <ShortCut>'Ctrl+F2'</ShortCut>
          <Description>Stop 'app'</Description>
          <Count>29</Count>
        </Item>
      </Statistic>
      <Statistic Action="Stop Background Processes...">
        <Item>
          <IdeaActionID>StopBackgroundProcesses</IdeaActionID>
          <ShortCut>'Ctrl+Shift+F2'</ShortCut>
          <Description>Stop Background Processes...</Description>
          <Count>1</Count>
        </Item>
      </Statistic>
      <Statistic Action="Structure">
        <Item>
          <IdeaActionID>ActivateStructureToolWindow</IdeaActionID>
          <ShortCut>'Alt+7'</ShortCut>
          <Description>Structure</Description>
          <Count>27</Count>
        </Item>
      </Statistic>
      <Statistic Action="Sync Project with Gradle Files">
        <Item>
          <IdeaActionID>Android.SyncProject</IdeaActionID>
          <ShortCut>'Alt+Shift+S'</ShortCut>
          <Description>Sync Project with Gradle Files</Description>
          <Count>2</Count>
        </Item>
      </Statistic>
      <Statistic Action="Sync with File System">
        <Item>
          <IdeaActionID>Synchronize</IdeaActionID>
          <ShortCut>'Ctrl+Alt+Y'</ShortCut>
          <Description>Sync with File System</Description>
          <Count>1</Count>
        </Item>
      </Statistic>
      <Statistic Action="Terminal">
        <Item>
          <IdeaActionID>ActivateTerminalToolWindow</IdeaActionID>
          <ShortCut>'Alt+F12'</ShortCut>
          <Description>Terminal</Description>
          <Count>19</Count>
        </Item>
      </Statistic>
      <Statistic Action="Toggle Line Breakpoint">
        <Item>
          <IdeaActionID>ToggleLineBreakpoint</IdeaActionID>
          <ShortCut>'Ctrl+F8'</ShortCut>
          <Description>Toggle Line Breakpoint</Description>
          <Count>53</Count>
        </Item>
      </Statistic>
      <Statistic Action="Toggle Temporary Line Breakpoint">
        <Item>
          <IdeaActionID>ToggleTemporaryLineBreakpoint</IdeaActionID>
          <ShortCut>'Ctrl+Alt+Shift+F8'</ShortCut>
          <Description>Toggle Temporary Line Breakpoint</Description>
          <Count>2</Count>
        </Item>
      </Statistic>
      <Statistic Action="ToolBarBasic">
        <Item>
          <IdeaActionID>ToolBarBasic</IdeaActionID>
          <ShortCut>'Ctrl+Alt+C'</ShortCut>
          <Description>ToolBarBasic</Description>
          <Count>2</Count>
        </Item>
      </Statistic>
      <Statistic Action="Toolbar">
        <Item>
          <IdeaActionID>ViewToolBar</IdeaActionID>
          <ShortCut>'Backspace'</ShortCut>
          <Description>Toolbar</Description>
          <Count>9</Count>
        </Item>
      </Statistic>
      <Statistic Action="Type Declaration">
        <Item>
          <IdeaActionID>GotoTypeDeclaration</IdeaActionID>
          <ShortCut>'Ctrl+Shift+B'</ShortCut>
          <Description>Type Declaration</Description>
          <Count>1</Count>
        </Item>
      </Statistic>
      <Statistic Action="Type Hierarchy">
        <Item>
          <IdeaActionID>TypeHierarchy</IdeaActionID>
          <ShortCut>'Ctrl+H'</ShortCut>
          <Description>Type Hierarchy</Description>
          <Count>2</Count>
        </Item>
      </Statistic>
      <Statistic Action="Unwrap/Remove...">
        <Item>
          <IdeaActionID>Unwrap</IdeaActionID>
          <ShortCut>'Ctrl+Alt+U'</ShortCut>
          <Description>Unwrap/Remove...</Description>
          <Count>1</Count>
        </Item>
      </Statistic>
      <Statistic Action="Update Project...">
        <Item>
          <IdeaActionID>Vcs.UpdateProject</IdeaActionID>
          <ShortCut>'Ctrl+T'</ShortCut>
          <Description>Update Project...</Description>
          <Count>4</Count>
        </Item>
      </Statistic>
      <Statistic Action="VCS Operations Popup...">
        <Item>
          <IdeaActionID>Vcs.QuickListPopupAction</IdeaActionID>
          <ShortCut>'Alt+`'</ShortCut>
          <Description>VCS Operations Popup...</Description>
          <Count>1</Count>
        </Item>
      </Statistic>
      <Statistic Action="Version Control">
        <Item>
          <IdeaActionID>ActivateVersionControlToolWindow</IdeaActionID>
          <ShortCut>'Alt+9' or 'Alt+Shift+9'</ShortCut>
          <Description>Version Control</Description>
          <Count>18</Count>
        </Item>
      </Statistic>
      <Statistic Action="View Breakpoints...">
        <Item>
          <IdeaActionID>ViewBreakpoints</IdeaActionID>
          <ShortCut>'Ctrl+Shift+F8'</ShortCut>
          <Description>View Breakpoints...</Description>
          <Count>13</Count>
        </Item>
      </Statistic>
    </option>
  </component>
</application>