<keymap version="1" name="Default copy" parent="$default">
  <action id="ActivateBuildToolWindow">
    <keyboard-shortcut first-keystroke="alt 2" />
  </action>
  <action id="ActivateFavoritesToolWindow" />
  <action id="ActivateGradleToolWindow">
    <keyboard-shortcut first-keystroke="alt 4" />
  </action>
  <action id="ActivateLogcatToolWindow">
    <keyboard-shortcut first-keystroke="alt 3" />
  </action>
  <action id="ActivateResourcesExplorerToolWindow">
    <keyboard-shortcut first-keystroke="shift ctrl alt r" />
  </action>
  <action id="ActivateTODOToolWindow" />
  <action id="Android.SyncProject">
    <keyboard-shortcut first-keystroke="shift alt s" />
  </action>
  <action id="ChangesView.UnshelveSilently" />
  <action id="CleanGradleProject">
    <keyboard-shortcut first-keystroke="alt c" />
  </action>
  <action id="CollapseRegion">
    <keyboard-shortcut first-keystroke="shift back_quote" />
  </action>
  <action id="CompileDirty">
    <keyboard-shortcut first-keystroke="shift alt b" />
  </action>
  <action id="Diff.NextChange" />
  <action id="Diff.PrevChange" />
  <action id="DuplicatesForm.SendToRight" />
  <action id="EditorBackSpace">
    <keyboard-shortcut first-keystroke="back_space" />
  </action>
  <action id="EditorLineEnd">
    <keyboard-shortcut first-keystroke="alt right" />
  </action>
  <action id="EditorLineEndWithSelection">
    <keyboard-shortcut first-keystroke="shift alt right" />
  </action>
  <action id="EditorLineStart">
    <keyboard-shortcut first-keystroke="alt left" />
  </action>
  <action id="EditorLineStartWithSelection">
    <keyboard-shortcut first-keystroke="shift alt left" />
  </action>
  <action id="ExpandRegion">
    <keyboard-shortcut first-keystroke="ctrl back_quote" />
  </action>
  <action id="FileChooser.GotoProject" />
  <action id="GotoBookmark2" />
  <action id="Images.Thumbnails.UpFolder" />
  <action id="Kotlin.RunScratch" />
  <action id="NextEditorTab">
    <keyboard-shortcut first-keystroke="shift alt x" />
  </action>
  <action id="NextTab" />
  <action id="PreviousEditorTab">
    <keyboard-shortcut first-keystroke="alt x" />
  </action>
  <action id="PreviousTab" />
  <action id="QuickChangeScheme" />
  <action id="RebuildGradleProject">
    <keyboard-shortcut first-keystroke="alt b" />
  </action>
  <action id="ReplaceInPath" />
  <action id="RerunTests" />
  <action id="Run">
    <keyboard-shortcut first-keystroke="shift alt r" />
  </action>
  <action id="SurroundWith">
    <keyboard-shortcut first-keystroke="ctrl alt w" />
  </action>
  <action id="Unwrap">
    <keyboard-shortcut first-keystroke="ctrl alt u" />
  </action>
  <action id="UpdateRunningApplication" />
  <action id="ViewToolBar">
    <keyboard-shortcut first-keystroke="shift alt t" />
  </action>
  <action id="android.deploy.ApplyChanges">
    <keyboard-shortcut first-keystroke="shift ctrl r" />
    <keyboard-shortcut first-keystroke="ctrl f10" />
  </action>
  <action id="android.deploy.CodeSwap">
    <keyboard-shortcut first-keystroke="ctrl alt f10" />
  </action>
  <action id="context.clear" />
  <action id="context.save" />
  <action id="tasks.open.in.browser" />
  <action id="tasks.switch" />
</keymap>